Project Name,Language,Testament,Book,Stage,TotalTarget
Paschim Project,Kukna,OT,Genesis,Stage 1 (Drafting),1533
Paschim Project,Kukna,OT,Genesis,Stage 2 (Community Check),1533
Paschim Project,Kukna,OT,Genesis,Stage 3 (Linguist Check),1533
Paschim Project,Kukna,OT,Genesis,Stage 4 (Theological Check),1533
Paschim Project,Kukna,OT,Genesis,Stage 4 (Consultant Check),1533
Paschim Project,Kukna,OT,Genesis,Stage 5 (Formatting Editing & Publishing),1533
Paschim Project,Kukna,OT,Exodus,Stage 1 (Drafting),1213
Paschim Project,Kukna,OT,Exodus,Stage 2 (Community Check),1213
Paschim Project,Kukna,OT,Exodus,Stage 3 (Linguist Check),1213
Paschim Project,Kukna,OT,Exodus,Stage 4 (Theological Check),1213
Paschim Project,Kukna,OT,Exodus,Stage 4 (Consultant Check),1213
Paschim Project,Kukna,OT,Exodus,Stage 5 (Formatting Editing & Publishing),1213
Paschim Project,Kukna,OT,Leviticus,Stage 1 (Drafting),859
Paschim Project,Kukna,OT,Leviticus,Stage 2 (Community Check),859
Paschim Project,Kukna,OT,Leviticus,Stage 3 (Linguist Check),859
Paschim Project,Kukna,OT,Leviticus,Stage 4 (Theological Check),859
Paschim Project,Kukna,OT,Leviticus,Stage 4 (Consultant Check),859
Paschim Project,Kukna,OT,Leviticus,Stage 5 (Formatting Editing & Publishing),859
Paschim Project,Kukna,OT,Numbers,Stage 1 (Drafting),1288
Paschim Project,Kukna,OT,Numbers,Stage 2 (Community Check),1288
Paschim Project,Kukna,OT,Numbers,Stage 3 (Linguist Check),1288
Paschim Project,Kukna,OT,Numbers,Stage 4 (Theological Check),1288
Paschim Project,Kukna,OT,Numbers,Stage 4 (Consultant Check),1288
Paschim Project,Kukna,OT,Numbers,Stage 5 (Formatting Editing & Publishing),1288
Paschim Project,Kukna,OT,Deuteronomy,Stage 1 (Drafting),959
Paschim Project,Kukna,OT,Deuteronomy,Stage 2 (Community Check),959
Paschim Project,Kukna,OT,Deuteronomy,Stage 3 (Linguist Check),959
Paschim Project,Kukna,OT,Deuteronomy,Stage 4 (Theological Check),959
Paschim Project,Kukna,OT,Deuteronomy,Stage 4 (Consultant Check),959
Paschim Project,Kukna,OT,Deuteronomy,Stage 5 (Formatting Editing & Publishing),959
Paschim Project,Kukna,OT,Joshua,Stage 1 (Drafting),658
Paschim Project,Kukna,OT,Joshua,Stage 2 (Community Check),658
Paschim Project,Kukna,OT,Joshua,Stage 3 (Linguist Check),658
Paschim Project,Kukna,OT,Joshua,Stage 4 (Theological Check),658
Paschim Project,Kukna,OT,Joshua,Stage 4 (Consultant Check),658
Paschim Project,Kukna,OT,Joshua,Stage 5 (Formatting Editing & Publishing),658
Paschim Project,Kukna,OT,Judges,Stage 1 (Drafting),618
Paschim Project,Kukna,OT,Judges,Stage 2 (Community Check),618
Paschim Project,Kukna,OT,Judges,Stage 3 (Linguist Check),618
Paschim Project,Kukna,OT,Judges,Stage 4 (Theological Check),618
Paschim Project,Kukna,OT,Judges,Stage 4 (Consultant Check),618
Paschim Project,Kukna,OT,Judges,Stage 5 (Formatting Editing & Publishing),618
Paschim Project,Kukna,OT,Ruth,Stage 1 (Drafting),85
Paschim Project,Kukna,OT,Ruth,Stage 2 (Community Check),85
Paschim Project,Kukna,OT,Ruth,Stage 3 (Linguist Check),85
Paschim Project,Kukna,OT,Ruth,Stage 4 (Theological Check),85
Paschim Project,Kukna,OT,Ruth,Stage 4 (Consultant Check),85
Paschim Project,Kukna,OT,Ruth,Stage 5 (Formatting Editing & Publishing),85
Paschim Project,Kukna,OT,1 Samuel,Stage 1 (Drafting),810
Paschim Project,Kukna,OT,1 Samuel,Stage 2 (Community Check),810
Paschim Project,Kukna,OT,1 Samuel,Stage 3 (Linguist Check),810
Paschim Project,Kukna,OT,1 Samuel,Stage 4 (Theological Check),810
Paschim Project,Kukna,OT,1 Samuel,Stage 4 (Consultant Check),810
Paschim Project,Kukna,OT,1 Samuel,Stage 5 (Formatting Editing & Publishing),810
Paschim Project,Kukna,OT,2 Samuel,Stage 1 (Drafting),695
Paschim Project,Kukna,OT,2 Samuel,Stage 2 (Community Check),695
Paschim Project,Kukna,OT,2 Samuel,Stage 3 (Linguist Check),695
Paschim Project,Kukna,OT,2 Samuel,Stage 4 (Theological Check),695
Paschim Project,Kukna,OT,2 Samuel,Stage 4 (Consultant Check),695
Paschim Project,Kukna,OT,2 Samuel,Stage 5 (Formatting Editing & Publishing),695
Paschim Project,Kukna,OT,1 Kings,Stage 1 (Drafting),816
Paschim Project,Kukna,OT,1 Kings,Stage 2 (Community Check),816
Paschim Project,Kukna,OT,1 Kings,Stage 3 (Linguist Check),816
Paschim Project,Kukna,OT,1 Kings,Stage 4 (Theological Check),816
Paschim Project,Kukna,OT,1 Kings,Stage 4 (Consultant Check),816
Paschim Project,Kukna,OT,1 Kings,Stage 5 (Formatting Editing & Publishing),816
Paschim Project,Kukna,OT,2 Kings,Stage 1 (Drafting),719
Paschim Project,Kukna,OT,2 Kings,Stage 2 (Community Check),719
Paschim Project,Kukna,OT,2 Kings,Stage 3 (Linguist Check),719
Paschim Project,Kukna,OT,2 Kings,Stage 4 (Theological Check),719
Paschim Project,Kukna,OT,2 Kings,Stage 4 (Consultant Check),719
Paschim Project,Kukna,OT,2 Kings,Stage 5 (Formatting Editing & Publishing),719
Paschim Project,Kukna,OT,1 Chronicles,Stage 1 (Drafting),942
Paschim Project,Kukna,OT,1 Chronicles,Stage 2 (Community Check),942
Paschim Project,Kukna,OT,1 Chronicles,Stage 3 (Linguist Check),942
Paschim Project,Kukna,OT,1 Chronicles,Stage 4 (Theological Check),942
Paschim Project,Kukna,OT,1 Chronicles,Stage 4 (Consultant Check),942
Paschim Project,Kukna,OT,1 Chronicles,Stage 5 (Formatting Editing & Publishing),942
Paschim Project,Kukna,OT,2 Chronicles,Stage 1 (Drafting),822
Paschim Project,Kukna,OT,2 Chronicles,Stage 2 (Community Check),822
Paschim Project,Kukna,OT,2 Chronicles,Stage 3 (Linguist Check),822
Paschim Project,Kukna,OT,2 Chronicles,Stage 4 (Theological Check),822
Paschim Project,Kukna,OT,2 Chronicles,Stage 4 (Consultant Check),822
Paschim Project,Kukna,OT,2 Chronicles,Stage 5 (Formatting Editing & Publishing),822
Paschim Project,Kukna,OT,Ezra,Stage 1 (Drafting),280
Paschim Project,Kukna,OT,Ezra,Stage 2 (Community Check),280
Paschim Project,Kukna,OT,Ezra,Stage 3 (Linguist Check),280
Paschim Project,Kukna,OT,Ezra,Stage 4 (Theological Check),280
Paschim Project,Kukna,OT,Ezra,Stage 4 (Consultant Check),280
Paschim Project,Kukna,OT,Ezra,Stage 5 (Formatting Editing & Publishing),280
Paschim Project,Kukna,OT,Nehemiah,Stage 1 (Drafting),406
Paschim Project,Kukna,OT,Nehemiah,Stage 2 (Community Check),406
Paschim Project,Kukna,OT,Nehemiah,Stage 3 (Linguist Check),406
Paschim Project,Kukna,OT,Nehemiah,Stage 4 (Theological Check),406
Paschim Project,Kukna,OT,Nehemiah,Stage 4 (Consultant Check),406
Paschim Project,Kukna,OT,Nehemiah,Stage 5 (Formatting Editing & Publishing),406
Paschim Project,Kukna,OT,Esther,Stage 1 (Drafting),167
Paschim Project,Kukna,OT,Esther,Stage 2 (Community Check),167
Paschim Project,Kukna,OT,Esther,Stage 3 (Linguist Check),167
Paschim Project,Kukna,OT,Esther,Stage 4 (Theological Check),167
Paschim Project,Kukna,OT,Esther,Stage 4 (Consultant Check),167
Paschim Project,Kukna,OT,Esther,Stage 5 (Formatting Editing & Publishing),167
Paschim Project,Kukna,OT,Job,Stage 1 (Drafting),1070
Paschim Project,Kukna,OT,Job,Stage 2 (Community Check),1070
Paschim Project,Kukna,OT,Job,Stage 3 (Linguist Check),1070
Paschim Project,Kukna,OT,Job,Stage 4 (Theological Check),1070
Paschim Project,Kukna,OT,Job,Stage 4 (Consultant Check),1070
Paschim Project,Kukna,OT,Job,Stage 5 (Formatting Editing & Publishing),1070
Paschim Project,Kukna,OT,Psalms,Stage 1 (Drafting),2461
Paschim Project,Kukna,OT,Psalms,Stage 2 (Community Check),2461
Paschim Project,Kukna,OT,Psalms,Stage 3 (Linguist Check),2461
Paschim Project,Kukna,OT,Psalms,Stage 4 (Theological Check),2461
Paschim Project,Kukna,OT,Psalms,Stage 4 (Consultant Check),2461
Paschim Project,Kukna,OT,Psalms,Stage 5 (Formatting Editing & Publishing),2461
Paschim Project,Kukna,OT,Proverbs,Stage 1 (Drafting),915
Paschim Project,Kukna,OT,Proverbs,Stage 2 (Community Check),915
Paschim Project,Kukna,OT,Proverbs,Stage 3 (Linguist Check),915
Paschim Project,Kukna,OT,Proverbs,Stage 4 (Theological Check),915
Paschim Project,Kukna,OT,Proverbs,Stage 4 (Consultant Check),915
Paschim Project,Kukna,OT,Proverbs,Stage 5 (Formatting Editing & Publishing),915
Paschim Project,Kukna,OT,Ecclesiastes,Stage 1 (Drafting),222
Paschim Project,Kukna,OT,Ecclesiastes,Stage 2 (Community Check),222
Paschim Project,Kukna,OT,Ecclesiastes,Stage 3 (Linguist Check),222
Paschim Project,Kukna,OT,Ecclesiastes,Stage 4 (Theological Check),222
Paschim Project,Kukna,OT,Ecclesiastes,Stage 4 (Consultant Check),222
Paschim Project,Kukna,OT,Ecclesiastes,Stage 5 (Formatting Editing & Publishing),222
Paschim Project,Kukna,OT,Song of Solomon,Stage 1 (Drafting),117
Paschim Project,Kukna,OT,Song of Solomon,Stage 2 (Community Check),117
Paschim Project,Kukna,OT,Song of Solomon,Stage 3 (Linguist Check),117
Paschim Project,Kukna,OT,Song of Solomon,Stage 4 (Theological Check),117
Paschim Project,Kukna,OT,Song of Solomon,Stage 4 (Consultant Check),117
Paschim Project,Kukna,OT,Song of Solomon,Stage 5 (Formatting Editing & Publishing),117
Paschim Project,Kukna,OT,Isaiah,Stage 1 (Drafting),1292
Paschim Project,Kukna,OT,Isaiah,Stage 2 (Community Check),1292
Paschim Project,Kukna,OT,Isaiah,Stage 3 (Linguist Check),1292
Paschim Project,Kukna,OT,Isaiah,Stage 4 (Theological Check),1292
Paschim Project,Kukna,OT,Isaiah,Stage 4 (Consultant Check),1292
Paschim Project,Kukna,OT,Isaiah,Stage 5 (Formatting Editing & Publishing),1292
Paschim Project,Kukna,OT,Jeremiah,Stage 1 (Drafting),1364
Paschim Project,Kukna,OT,Jeremiah,Stage 2 (Community Check),1364
Paschim Project,Kukna,OT,Jeremiah,Stage 3 (Linguist Check),1364
Paschim Project,Kukna,OT,Jeremiah,Stage 4 (Theological Check),1364
Paschim Project,Kukna,OT,Jeremiah,Stage 4 (Consultant Check),1364
Paschim Project,Kukna,OT,Jeremiah,Stage 5 (Formatting Editing & Publishing),1364
Paschim Project,Kukna,OT,Lamentations,Stage 1 (Drafting),154
Paschim Project,Kukna,OT,Lamentations,Stage 2 (Community Check),154
Paschim Project,Kukna,OT,Lamentations,Stage 3 (Linguist Check),154
Paschim Project,Kukna,OT,Lamentations,Stage 4 (Theological Check),154
Paschim Project,Kukna,OT,Lamentations,Stage 4 (Consultant Check),154
Paschim Project,Kukna,OT,Lamentations,Stage 5 (Formatting Editing & Publishing),154
Paschim Project,Kukna,OT,Ezekiel,Stage 1 (Drafting),1273
Paschim Project,Kukna,OT,Ezekiel,Stage 2 (Community Check),1273
Paschim Project,Kukna,OT,Ezekiel,Stage 3 (Linguist Check),1273
Paschim Project,Kukna,OT,Ezekiel,Stage 4 (Theological Check),1273
Paschim Project,Kukna,OT,Ezekiel,Stage 4 (Consultant Check),1273
Paschim Project,Kukna,OT,Ezekiel,Stage 5 (Formatting Editing & Publishing),1273
Paschim Project,Kukna,OT,Daniel,Stage 1 (Drafting),357
Paschim Project,Kukna,OT,Daniel,Stage 2 (Community Check),357
Paschim Project,Kukna,OT,Daniel,Stage 3 (Linguist Check),357
Paschim Project,Kukna,OT,Daniel,Stage 4 (Theological Check),357
Paschim Project,Kukna,OT,Daniel,Stage 4 (Consultant Check),357
Paschim Project,Kukna,OT,Daniel,Stage 5 (Formatting Editing & Publishing),357
Paschim Project,Kukna,OT,Hosea,Stage 1 (Drafting),197
Paschim Project,Kukna,OT,Hosea,Stage 2 (Community Check),197
Paschim Project,Kukna,OT,Hosea,Stage 3 (Linguist Check),197
Paschim Project,Kukna,OT,Hosea,Stage 4 (Theological Check),197
Paschim Project,Kukna,OT,Hosea,Stage 4 (Consultant Check),197
Paschim Project,Kukna,OT,Hosea,Stage 5 (Formatting Editing & Publishing),197
Paschim Project,Kukna,OT,Joel,Stage 1 (Drafting),73
Paschim Project,Kukna,OT,Joel,Stage 2 (Community Check),73
Paschim Project,Kukna,OT,Joel,Stage 3 (Linguist Check),73
Paschim Project,Kukna,OT,Joel,Stage 4 (Theological Check),73
Paschim Project,Kukna,OT,Joel,Stage 4 (Consultant Check),73
Paschim Project,Kukna,OT,Joel,Stage 5 (Formatting Editing & Publishing),73
Paschim Project,Kukna,OT,Amos,Stage 1 (Drafting),146
Paschim Project,Kukna,OT,Amos,Stage 2 (Community Check),146
Paschim Project,Kukna,OT,Amos,Stage 3 (Linguist Check),146
Paschim Project,Kukna,OT,Amos,Stage 4 (Theological Check),146
Paschim Project,Kukna,OT,Amos,Stage 4 (Consultant Check),146
Paschim Project,Kukna,OT,Amos,Stage 5 (Formatting Editing & Publishing),146
Paschim Project,Kukna,OT,Obadiah,Stage 1 (Drafting),21
Paschim Project,Kukna,OT,Obadiah,Stage 2 (Community Check),21
Paschim Project,Kukna,OT,Obadiah,Stage 3 (Linguist Check),21
Paschim Project,Kukna,OT,Obadiah,Stage 4 (Theological Check),21
Paschim Project,Kukna,OT,Obadiah,Stage 4 (Consultant Check),21
Paschim Project,Kukna,OT,Obadiah,Stage 5 (Formatting Editing & Publishing),21
Paschim Project,Kukna,OT,Jonah,Stage 1 (Drafting),48
Paschim Project,Kukna,OT,Jonah,Stage 2 (Community Check),48
Paschim Project,Kukna,OT,Jonah,Stage 3 (Linguist Check),48
Paschim Project,Kukna,OT,Jonah,Stage 4 (Theological Check),48
Paschim Project,Kukna,OT,Jonah,Stage 4 (Consultant Check),48
Paschim Project,Kukna,OT,Jonah,Stage 5 (Formatting Editing & Publishing),48
Paschim Project,Kukna,OT,Micah,Stage 1 (Drafting),105
Paschim Project,Kukna,OT,Micah,Stage 2 (Community Check),105
Paschim Project,Kukna,OT,Micah,Stage 3 (Linguist Check),105
Paschim Project,Kukna,OT,Micah,Stage 4 (Theological Check),105
Paschim Project,Kukna,OT,Micah,Stage 4 (Consultant Check),105
Paschim Project,Kukna,OT,Micah,Stage 5 (Formatting Editing & Publishing),105
Paschim Project,Kukna,OT,Nahum,Stage 1 (Drafting),47
Paschim Project,Kukna,OT,Nahum,Stage 2 (Community Check),47
Paschim Project,Kukna,OT,Nahum,Stage 3 (Linguist Check),47
Paschim Project,Kukna,OT,Nahum,Stage 4 (Theological Check),47
Paschim Project,Kukna,OT,Nahum,Stage 4 (Consultant Check),47
Paschim Project,Kukna,OT,Nahum,Stage 5 (Formatting Editing & Publishing),47
Paschim Project,Kukna,OT,Habakkuk,Stage 1 (Drafting),56
Paschim Project,Kukna,OT,Habakkuk,Stage 2 (Community Check),56
Paschim Project,Kukna,OT,Habakkuk,Stage 3 (Linguist Check),56
Paschim Project,Kukna,OT,Habakkuk,Stage 4 (Theological Check),56
Paschim Project,Kukna,OT,Habakkuk,Stage 4 (Consultant Check),56
Paschim Project,Kukna,OT,Habakkuk,Stage 5 (Formatting Editing & Publishing),56
Paschim Project,Kukna,OT,Zephaniah,Stage 1 (Drafting),53
Paschim Project,Kukna,OT,Zephaniah,Stage 2 (Community Check),53
Paschim Project,Kukna,OT,Zephaniah,Stage 3 (Linguist Check),53
Paschim Project,Kukna,OT,Zephaniah,Stage 4 (Theological Check),53
Paschim Project,Kukna,OT,Zephaniah,Stage 4 (Consultant Check),53
Paschim Project,Kukna,OT,Zephaniah,Stage 5 (Formatting Editing & Publishing),53
Paschim Project,Kukna,OT,Haggai,Stage 1 (Drafting),38
Paschim Project,Kukna,OT,Haggai,Stage 2 (Community Check),38
Paschim Project,Kukna,OT,Haggai,Stage 3 (Linguist Check),38
Paschim Project,Kukna,OT,Haggai,Stage 4 (Theological Check),38
Paschim Project,Kukna,OT,Haggai,Stage 4 (Consultant Check),38
Paschim Project,Kukna,OT,Haggai,Stage 5 (Formatting Editing & Publishing),38
Paschim Project,Kukna,OT,Zechariah,Stage 1 (Drafting),211
Paschim Project,Kukna,OT,Zechariah,Stage 2 (Community Check),211
Paschim Project,Kukna,OT,Zechariah,Stage 3 (Linguist Check),211
Paschim Project,Kukna,OT,Zechariah,Stage 4 (Theological Check),211
Paschim Project,Kukna,OT,Zechariah,Stage 4 (Consultant Check),211
Paschim Project,Kukna,OT,Zechariah,Stage 5 (Formatting Editing & Publishing),211
Paschim Project,Kukna,OT,Malachi,Stage 1 (Drafting),55
Paschim Project,Kukna,OT,Malachi,Stage 2 (Community Check),55
Paschim Project,Kukna,OT,Malachi,Stage 3 (Linguist Check),55
Paschim Project,Kukna,OT,Malachi,Stage 4 (Theological Check),55
Paschim Project,Kukna,OT,Malachi,Stage 4 (Consultant Check),55
Paschim Project,Kukna,OT,Malachi,Stage 5 (Formatting Editing & Publishing),55
